;处女系列
0,处女
1,再生处女,;すなわちフェイク。

;陷落素質系列
3,恋慕,;爱情に似た感情を抱いている状態。
4,淫乱,;色欲に乱れきった状態。
5,服从,;完全に心を折って、屈した状態。
6,相亲相爱,;恋慕の上位素質。
7,娼妇,;淫乱の上位素質。
8,隶属,;服从の上位素質。
9,崩溃,;精神に異常をきたした状態

;性格
10,胆怯,;ABL:顺从が上げやすい。PALAM:反感が上がりにくい
11,反抗,;指令を実行しにくい。拍卖の際に顺从4以上必要。PALAM:恭顺と情欲が上がりにくい
12,刚强,;指令を実行しにくい。拍卖の際に顺从4以上必要
13,直率,;指令を実行しやすい。ABL:顺从と侍奉精神が上げやすい。PALAM:恭顺が上がりやすい
14,老实,;PALAM:反感が上がりにくい
15,高傲,;指令を実行しにくい。ABL:技巧と侍奉精神が上げにくい。PALAM:屈服が上がりにくい
16,自大,;ABL:顺从と侍奉精神が上げにくい。
17,自卑,;指令を実行しやすい。ABL:侍奉精神が上げやすい。PALAM:屈服が上がりやすい
18,傲娇,;指令が実行しにくいが、顺从Lv4以上で反転

;性への関心
20,自制力,;拍卖の際に欲望4以上必要。ABL:侍奉精神が上げにくい。快乐系PALAMが上がりにくい
21,无动于衷,:ABL:侍奉精神が上げにくい。PALAM:恭顺、情欲、屈服、恐怖、反感が上がりにくい
22,缺乏感情,:ABL:侍奉精神が上げにくい。PALAMが全体的に上がりにくい
23,性好奇,;指令を実行しやすい。PALAM:学习が上がりやすい
24,性保守,;指令を実行しにくい。ABL:侍奉精神が上げにくい。PALAM:学习が上がりにくい
25,乐观,;ABL:侍奉精神が上げやすい。PALAM:抑郁が上がりにくい
26,悲观,;ABL:侍奉精神が上げやすい。PALAM:抑郁が上がりやすい
27,难以越过的底线,;全部のABLが上げにくく、恭顺が上がりにくい。陷落後は反転する。
28,喜欢引人注目,;指令を実行しやすい。ABL:侍奉精神と露出癖が上げやすい

;乙女心
30,贞操重视,;情爱系调教の効果が低い。PALAM:反感が上がりやすい
31,贞操淡漠,;情爱系调教の効果が低い。PALAM:反感が上がりにくい
32,性压抑,;指令を実行しにくい。拍卖の際に欲望4以上必要。PALAM:情欲が上がりにくい。PALAM:反感が上がりやすい
33,性开放,;ABL:受虐属性が上げやすい。PALAM:情欲と屈服が上がりやすい
34,抵抗,;指令を実行しにくい。拍卖の際に欲望4以上必要。PALAM:情欲が上がりにくい。PALAM:反感が上がりやすい
35,害羞,;指令を実行しにくい。露出系调教の効果が高い
36,不知羞耻,;露出系调教の効果が低い
37,弱点,;指令を実行しやすい

;体質
40,怕痛,;PALAM:恐怖と反感が上がりやすい。ABL:受虐属性があるとSM系调教でPALAM:情欲が上がりやすい
41,耐痛,;PALAM:恐怖と反感が上がりにくい
42,容易湿,;PALAM:润滑が上がりやすい
43,不易湿,;PALAM:润滑が上がりにくい
44,不擅料理,;元：メシマズ、ABL:料理技能が上げづらい。ABL:精液成瘾が上げやすい

;技术
50,学得快,;ABL:侍奉精神が上げやすい。PALAM:学习が上がりやすい
51,学得慢,;ABL:侍奉精神が上げにくい。PALAM:学习が上がりにくい
52,善用舌头,;口交系调教の効果が高い
53,擅长用针,;指令「针」の効果が高い
54,猫舌,;口交系调教が実行不可
55,调和知识,;特殊なアイテムを購入できる。指令「媚薬」の体力と气力の消費が少ない
56,药物抗性,;指令「媚薬」が実行不可
57,漏尿癖,;放尿指令が常に使えるようになる。绝顶時に放尿。
58,手指灵巧,;着衣のまま一部指令が使えるようになる
59,擅长料理,;ABL:料理技能が上げやすい。ABL:精液成瘾が上げにくい

;潔癖度
60,容易自慰,;自慰関連が実行しやすい。ABL:自慰成瘾が上げやすい
61,污臭钝感,;口交系调教を実行しやすい。ABL:精液成瘾が上げやすい
62,污臭敏感,;口交系调教を実行しにくい。ABL:精液成瘾が上げにくい
63,自我奉献,;侍奉系调教を実行しやすい。ABL:侍奉精神が上げやすい。PALAM:屈服が上がりやすい
64,脏污无视,;调教者の時に汚れによるペナルティをうけない
65,喜欢身体接触,;调教者から触れられる指令を実行しやすい。ABL:自慰成瘾を上げづらい
66,厌恶身体接触,;调教者から触れられる指令を実行しにくい。着衣プ雷、自慰を実行しやすい。

;正直度
70,接受快感,;指令を実行しやすい。ABL:欲望と侍奉精神が上げやすい。PALAM:情欲が上がりやすい
71,否定快感,;指令を実行しにくい。PALAM:情欲が上がりにくい
72,容易上瘾,;ABL:自慰成瘾、精液成瘾、百合成瘾が上げやすい
73,容易高潮,;指令を実行しやすい。调教時にABLが上がる事がある
74,自慰狂,;Ｃ系指令及び自慰系指令の効果アップ
75,淫壶,;Ｖ系指令の効果アップ
76,尻穴狂,;Ａ系指令の効果アップ
77,淫乳,;Ｂ系指令の効果アップ
78,性爱狂,;做爱系指令の効果アップ

;性愛性
80,性倒错,;SM系调教の効果が高い。ABLが全体的に上がりやすい
81,男女通吃,;百合调教を実行しやすい。ABL:百合、百合成瘾が上げやすい
82,讨厌男人,;男性での调教時にペナルティ
83,施虐狂,;调教者の時に指令を実行しやすい。ABL:侍奉精神が上げにくい
84,受虐狂,;
85,嫉妒,;
86,盲信,;指令を実行しやすい。PALAM:屈服が上がりやすい
87,小恶魔,;调教者の時に指令を実行しやすい
88,讨厌女人,;女での调教時にペナルティ

;魅了
90,狐狸,;助手化の際に妖狐になる
91,妖狐,;调教者の時にPALAM:耻情が上がりやすい。助手時に「媚薬」が手に入る事がある
92,魅力,;拍卖額増加
93,魅惑,;调教者の時に指令を実行しやすい。调教者の時にPALAMが全体的に上がりやすい
94,谜之魅力,;调教者の時に指令を実行しやすい。调教者の時にPALAMが全体的に上がりやすい

;身体特徴
100,矮小体型,;PALAM:痛苦、恐怖が上がりやすい
101,Ｃ钝感,;PALAM:快Ｃが上がりにくい
102,Ｃ敏感,;PALAM:快Ｃが上がりやすい
103,Ｖ钝感,;PALAM:快Ｖが上がりにくい
104,Ｖ敏感,;PALAM:快Ｖが上がりやすい
105,Ａ钝感,;PALAM:快Ａが上がりにくい
106,Ａ敏感,;PALAM:快Ａが上がりやすい
107,Ｂ钝感,;PALAM:快Ｂが上がりにくい
108,Ｂ敏感,;PALAM:快Ｂが上がりやすい
109,贫乳,;ABL:Ｂ感觉が上げやすい。胸関連の调教にペナルティ
110,绝壁,;ABL:Ｂ感觉が特に上げやすい。胸関連の调教が一部不可能なぐらいペナルティ
111,巨乳,;ABL:Ｂ感觉が上げにくい。胸関連の调教にボー茄子
112,爆乳,;ABL:Ｂ感觉がかなり上げにくい。胸関連の调教に結構ボー茄子
113,高大体型,;体位にペナルティ。调教者のときに体位にボー茄子。
114,孩童尺寸,;ABL:Ｃ感觉が特に上げやすい。SEX系调教にボー茄子。射精不可
115,短小,;ABL:Ｃ感觉が上げやすい。SEX系调教にボー茄子
116,巨根,;ABL:Ｃ感觉が上げにくい。SEX系调教にペナルティ
117,尺寸傲人,;ABL:Ｃ感觉が特に上げにくい。SEX系调教に大きくペナルティ。绝伦相当のボー茄子
118,白虎,;つるつる。１で天然、２で剃毛した状態。
119,包茎,;ちょっと形が違うね！PALAM:快Ｃが少し上がりづらくPALAM:耻情が上がりやすい

;特殊

130,恢复快,;体力回復量が多い
131,恢复慢,;体力回復量が少ない
132,吸血鬼,;夜休憩時体力回復量上昇、昼間は野外に出られない
133,日光浴,;昼休憩時体力回復量上昇
134,月光浴,;夜休憩時体力回復量上昇
135,治疗,;助手の時に体力回復量上昇
136,鼓舞,;助手の時に指令を実行しやすい。助手の時に调教结束後の自慰回数増加
137,双性,;男性ベースの扶她。SEX系调教が可能。
138,不可思议的根,;助手化の際に扶她になる
139,扶她,;男性でなくてもSEX系调教が可能
140,男性,;男である
141,疯癫,;拍卖額がかなり低下
142,小人体型,;主人が禁断的知识を持っていないと多くのＶＡ调教に制約がかかる
143,兽耳,;拍卖額増加
144,禁断的知识,;特殊なアイテムや指令を実行できる
145,人气,;拍卖額増加
146,具现化,;助手化の際に扶她になる
147,人外,;元：蓬莱人、死亡時に蘇生。体力回復量が多い
148,狂气眼,;(現在では実装されていないが処理だけは行われているらしいので枠を確保)
149,母乳体质,;喷乳する
150,幼儿／幼儿退行,;调教者の時に相手を母乳体质にする。胸関連の调教の効果が高い
151,幼稚,;调教者の時に相手を母乳体质にする。调教者の時に胸関連の调教の効果が高い
152,绝伦,;射精が早くなる
153,怀孕,;子供を身ごもってる
154,育儿中,;子供を育てている最中である証
155,母性,;子を産んだ母の愛
156,观察眼,;元：千里眼。心を見透かす程度の能力。依赖度とストレス値を察知できる
157,受,;突っこむ系调教が出来なくなる
158,攻,;突っこまれる系调教が出来なくなる
159,烙印,;拍卖額激減 1|傷痕 2|刺青 4|焼き印 8|身体穿环
160,童贞,
161,后庭处子,
162,失意,;精神的にひどく落ち込んだ状態。指令実行が難しくなり、依赖値変動が小さくなる。
163,女性
164,Omega
;165,相爱,

;166～300：人外相关

;种族分类
166,天使,
167,堕天使,
168,恶魔,
169,精灵,
170,走兽,
171,飞禽,
172,爬虫,
173,水生,;Train增加特殊指令：水下PLAY
174,植物,
175,类人,
176,不定形,
177,无形体,
178,异形,
;子分类 （316机器人 132吸血鬼）
179,无头骑士,
180,人偶,;同机器人，无法自动润滑，必须要润滑剂，无法射精，药物无反应，无法放尿
181,僵尸,
182,史莱姆,
183,幽灵,
184,数据体,
185,人工智能,

;人外特有素质（90狐狸 147人外）
200,化形,;可化作人身，Train增加特殊指令：化形，几乎所有人外共同持有，不会化去耳朵、角、尾巴

;翅膀 - Train增加特殊指令：抚摸翅膀
201,羽翅,
202,骨翅,
203,蝠翼,
204,虫翼,

;角
205,独角,
206,双角,

;尾巴 - Train增加特殊指令：尾交、抚摸尾巴、尾巴插入（鱼尾蛇尾不可）
207,兽尾,
208,鱼尾,;不可足交
209,蛇尾,;不可足交
210,多尾,

;四肢
211,手爪,;不可手交
212,足爪,;不可足交
213,多足,;不可足交
214,触手,

;五官 - Train增加特殊指令：抚摸耳朵、耳交 （143兽耳 54猫舌）
215,尖耳,
216,三目,
217,复眼,

;行动方式
218,四足步行,
219,飞翔,
220,漂浮,
221,瞬移,;绝顶时概率性闪现
222,潜游,
223,爬行,

;体型（142小人体型）
224,巨大体型,;只能用触手，其他锁死
225,变化体型,;Train增加特殊指令：变化体型

;体温（增加淋浴相关设定 机器人不可以浴室、水下）
226,恒温体质,
227,变温体质,;冰凉，喜欢温暖
228,无体温,;总是冰凉

;其余特性（Ｗ翅膀 Ｔ尾巴 Ｅ耳朵）
229,不死系,
230,Ｗ敏感,
231,Ｗ钝感,
232,Ｔ敏感,
233,Ｔ钝感,
234,Ｅ敏感,
235,Ｅ钝感,

236,马身,;不用扩张也可以直接上，部分体位不可
237,无头,;无法接吻、口交等

;肤色（307白肤 312黑皮）
238,青肤,


;301～：主に日常イベント用、キャラ设定用の素質　まだ実際に使われていない素質もある

;基本人種(ファンタジー世界にも一応对応)　;现在、固有料理名でだけ使う素質
301,西洋风,
302,中国风,
303,和风,

;外見特徴
306,长发,;长发でないとできない调教指令もある
307,白肤,;地の文が少し変わる
308,眼镜,;は正義
309,呆毛,;くるん爱抚という调教指令ができる。
310,美人,;地の文が少し変わる
311,伪娘,
312,黑皮,

;其他
315,大人,;酒が飲める年齢。酒に関するイベントが起こる
316,机器人,;[枠確保・まだ実際に使われていない]
317,喜欢读书,
318,喜欢运动,;得意スポーツも设定（テニス、バスケ、サッカー、など）
319,美术属性,;得意分野も设定（水彩画、水墨画、彫刻、など）
320,音乐属性,;得意分野も设定（歌う、吉他、钢琴、小提琴）
321,魔法／占卜属性,
322,化学属性,
323,理系,
324,文系,
325,机械迷,
326,喜欢花草,
327,擅长裁缝,
328,喜欢扫除,
329,说教癖,
330,信仰虔诚,
331,冒冒失失,
332,大叔,
333,擅长歌唱,
334,绅士,
335,嫉妒心,
336,情绪不安定,
340,魏,
341,蜀,
342,吴,
343,群,
344,文,
345,武,


;-----------------------
;称号

900,总攻,
901,捆绑达人,
902,正太控,
903,肌肉控,
904,腐调教师,
905,女仆控,
906,眼镜控,
907,女王受,
908,轻佻,
909,触手控,
910,超级抖Ｓ,
911,超级抖Ｍ,
912,爱的传道士,
913,酒池肉林的国王陛下,
914,异常,
915,ＳＭ的女王大人,
916,处女守护者,
917,铁壁的Ｗ城门,
918,可攻可受,
919,暴露狂,
920,动物园园长,
921,兄弟丼,
922,挂满精液,
923,榨精师,
924,口交达人,
925,废物,
926,舌尖高手,
927,扩张高手,
928,触手高手,
929,光屁股星人,
930,淫乳男孩,
931,童贞集邮狂,
932,接吻魔
933,反被狩猎
934,热衷假阳具
935,包装师
936,人体椅子
937,针山
938,究极抖Ｍ调教师
939,踢踏舞队
940,像狗一样留下记号
941,萝莉控
942,胸部星人
943,手淫达人
944,女装癖
945,亲子丼
946,总受
947,病娇
948,人外控

990,吉时已到,
991,,
992,上级调教师,

;テスト用。
;999,千里之行,

;称号テストここまで。これ以上増やすときはPRINT_STATEのループ数字を増やす

;-----------------------