;0番台,０．爱抚系指令
0,爱抚
1,舔阴
2,口交
3,玩弄小穴
4,舔肛门
5,玩弄肛门
6,揉搓胸部
7,玩弄乳头
8,爱抚胸部
9,自己扒开
10,命其胸部自慰
11,命其自慰
12,抚弄发丝
13,玩弄阴茎
14,命其肛门自慰
;人外MOD
15,抚摸翅膀
16,抚摸尾巴
17,抚摸耳朵
18,舔耳朵

;20番台,１．日常系指令
20,亲吻
21,什么也不做
22,聊天
23,送礼物
24,亲肤接触
25,悠闲度过
26,做家务
27,歌唱训练
28,辱骂
29,观看视频
30,施暴
;人外MOD
31,化形
32,变化体型
33,助手化形
34,助手变化体型

;40番台,２．道具使用指令
40,跳蛋
41,电动按摩棒
42,阴蒂夹
43,飞机杯
44,自慰棒
45,肛塞
46,后庭拉珠
47,乳头夹
48,乳头跳蛋
49,挤奶器
50,导尿管

;女主人→男奴隶の表示調整用
52,逆肛正常位
53,逆肛后背位
54,逆肛骑乘位
55,逆肛对面座位
56,逆肛背面座位
57,逆肛对面立位
58,逆肛背面立位

;60番台,３．做爱系指令
60,正常位
61,后背位
62,正常位肛交
63,后背位肛交
;64,逆强奸
65,乳头奸
66,骑乘位
67,骑乘位肛交
68,对面座位
69,背面座位
70,对面座位肛交
71,背面座位肛交
;下着を着させてから做爱系指令を選ぶと自ずと错开内裤插入になることにしたので、72･73はコメントアウト
;72,错开内裤插入
;73,错开内裤插入肛门
74,对面立位
75,对面立位肛
76,背面立位
77,背面立位肛

;女主人→男奴隶の表示調整用
79,舔阴命令

;80番台,４．侍奉系指令
80,手交命令
81,口交命令
82,乳交命令
83,素股命令
84,泡泡浴
85,足交命令
86,舔足命令
87,深乳交命令
88,乳夹口交命令
89,饮用母乳
90,发交
91,命其舔手指
92,腋交
93,喂奶
;人外MOD
94,尾交
95,耳交,;限定兽耳

;女主人→男奴隶の表示調整用
99,足交


;100番台,５．SM系指令
100,打屁股
101,打胸部
102,鞭打
103,滴蜡
104,针刺
105,眼罩
106,捆绑
107,口塞球
108,拷问
109,禁止射精
110,人体家具
111,剃毛
112,掐脖子
113,颜骑圧迫
114,踢胯部
115,电气按摩

;120番台,６．元：助手による指令、及び百合orホモプ雷
120,命其舔阴
121,磨镜
122,命其侵犯助手
123,足交施虐
124,双人口交
125,双人乳交
126,胸部互蹭
127,阴茎互蹭

;140番台,７．严厉な调教指令
140,深喉
141,拳交
142,肛门拳交
143,两穴拳交
144,放尿
145,命其舔肛
146,灌肠
147,空气灌肠
148,扩张气球
149,肛门电极
150,乳房电极
151,鳗鱼池
152,虫子池
153,尿道气球
154,肉便器
155,兽奸
156,烙印
157,强制饮尿
158,尾巴插入
159,尾巴肛插入

;160番台,８．触手系指令
160,召唤触手
161,触手插入
162,触手肛门插入
163,触手玩弄阴蒂
164,触手玩弄乳头
165,触手挤奶
166,触手紧缚
167,触手灌肠
168,触手侵犯口腔
169,触手玩弄阴茎
170,触手尿道插入

;180番台,９．特殊指令
180,润滑乳液
181,媚药
182,利尿剂
183,摄像机
184,野外PLAY
185,侵犯助手
186,羞耻PLAY
187,浴室PLAY
188,淋浴
189,新妻PLAY
190,写真摄影
191,强精神药
192,避孕套精饮(奴隶)
193,避孕套精饮(助手)
194,含精接吻
195,去约会
196,剥包皮
197,水下PLAY,;限水生

;200番台,１０．主人受指令
200,当面手淫
201,令其爱抚胸部
202,令其爱抚
203,令其辱骂
204,索要礼物
205,逆正常位
206,逆后背位
207,令其打屁股
208,令其鞭打
209,强制口交
210,舔足
211,逆强奸
212,逆强奸肛
213,逆正常位肛交
214,逆后背位肛交
215,让助手侵犯自己
;女主人→男奴隶の表示調整用
216,正常位
217,后背位
218,正常位肛交
219,后背位肛交

;220番台,１２．助手命令指令
220,阴蒂爱抚•助手命令
221,阴茎爱抚•助手命令
222,胸爱抚•助手命令
223,玩弄小穴•助手命令
224,肛门爱抚•助手命令
225,插入•助手命令
226,肛插入•助手命令

;300番台,１１．拡張触手指令
300,触手玩弄乳腺
301,触手玩弄Ｇ点
302,触手玩弄子宫
303,触手玩弄前列腺
304,触手阴道扩张
305,触手肛门扩张
306,触手两穴扩张
307,触手产卵
308,触手肛产卵
;309,触手强制回复

;320番台,拡張特殊指令
320,叫人过来
321,轮奸

;330番台,補丁指令
330,成为奴隶便器

;400番台,逆推指令
400,結束逆推

;500番台,派生指令(コメントアウト解除禁止)
;500,３Ｐ
;501,６９式
;502,岩清水
;503,Ｇ点刺激
;504,淫乱牡丹
;505,骑乘胸自慰
;506,插入Ｇ点玩弄
;507,插入子宫口玩弄
;508,６９乳交
;509,搾乳
;510,双人素股
;511,双枪口交
;512,双龙插入
;513,双龙肛插入
;514,车站便当
;515,打屁股做爱
;516,打屁股肛交
;517,窒息做爱
;518,窒息肛交
;519,连结
;530,口交时自慰
;531,舔阴时自慰
;590,前列腺刺激
;591,插入玩弄前列腺
;592,骑乘阴茎自慰
;593,插入中阴茎爱抚
;594,插入中胸爱抚
;595,三点齐攻

;其他
600,改变称呼方式