番号,462,
名前,门罗,
呼び名,门罗,
基礎,0,2400
基礎,1,1700
能力,1,3
能力,3,2
経験,3,50
経験,4,30
経験,10,80

;男性、童贞、后庭处子をまとめて
素質,140,
素質,161,

;人外特征
素質,人外,
素質,恶魔,
素質,化形,
素質,蝠翼,
素質,双角,
素質,兽尾,
素質,尖耳,
素質,飞翔,
素質,恒温体质,

;基础素质
素質,自大,
素質,性好奇,
素質,喜欢引人注目,
素質,贞操淡漠,
素質,性开放,
素質,不知羞耻,
素質,脏污无视,
素質,接受快感,
素質,男女通吃,
素質,小恶魔,
素質,魅力,
素質,巨根,
素質,Ｔ敏感,
素質,眼镜,
素質,大人,

;简介
CSTR,92,浑身散发着色气的恶魔，黑发红瞳。
CSTR,93,爱好是伪装成人类混迹人界，寻找符合自己口味的猎物并“吃掉”。
CSTR,94,因其目的只是纯洁之人的贞操，故比起那些喜欢欺凌弱小的同族来说温柔不少。
CSTR,95,不过它始终还是一只性格恶劣的恶魔，这点务必不要忘记。

;其他
CSTR,0,我
CSTR,1,你
CSTR,2,您
CSTR,3,主人
CSTR,5,门罗
CSTR,10,Ｃ